200,1265,"{""data"":[{""name"":""xvb""",id:123}],customer_id:1}
200,1347,"{""data"":[{""name"":""n""",id:123}],customer_id:1}
200,1366,"{""data"":[{""name"":""vbn""",id:123}],customer_id:1}
200,1370,"{""data"":[{""name"":""xn""",id:123}],customer_id:1}
200,1360,"{""data"":[{""name"":""vbn""",id:123}],customer_id:1}
200,621,"{""data"":[{""name"":""n""",id:123}],customer_id:1}
200,685,"{""data"":[{""name"":""n""",id:123}],customer_id:1}
200,713,"{""data"":[{""name"":""xbv""",id:123}],customer_id:1}
200,718,"{""data"":[{""name"":""ytn""",id:123}],customer_id:1}
200,734,"{""data"":[{""name"":""xbvnxbvn""",id:123}],customer_id:1}
200,1302,{"data":[{"name":"vbn","id":123}],"customer_id":1}
200,1332,{"data":[{"name":"xn","id":123}],"customer_id":1}
200,1341,{"data":[{"name":"xvb","id":123}],"customer_id":1}
200,1358,{"data":[{"name":"n","id":123}],"customer_id":1}
200,1359,{"data":[{"name":"vbn","id":123}],"customer_id":1}
200,660,{"data":[{"name":"n","id":123}],"customer_id":1}
200,725,{"data":[{"name":"xbv","id":123}],"customer_id":1}
200,737,{"data":[{"name":"ytn","id":123}],"customer_id":1}
200,760,{"data":[{"name":"n","id":123}],"customer_id":1}
200,747,{"data":[{"name":"xbvnxbvn","id":123}],"customer_id":1}
200,1507,{"data":[{"name":"vbn","id":123}],"customer_id":1}
200,1509,{"data":[{"name":"xn","id":123}],"customer_id":1}
200,1510,{"data":[{"name":"vbn","id":123}],"customer_id":1}
200,1514,{"data":[{"name":"xvb","id":123}],"customer_id":1}
200,1531,{"data":[{"name":"n","id":123}],"customer_id":1}
200,704,{"data":[{"name":"n","id":123}],"customer_id":1}
200,788,{"data":[{"name":"xbv","id":123}],"customer_id":1}
200,788,{"data":[{"name":"ytn","id":123}],"customer_id":1}
200,805,{"data":[{"name":"n","id":123}],"customer_id":1}
200,802,{"data":[{"name":"xbvnxbvn","id":123}],"customer_id":1}
200,1276,{"data":[{"name":"xvb","id":123}],"customer_id":1}
200,1314,{"data":[{"name":"vbn","id":123}],"customer_id":1}
200,1351,{"data":[{"name":"vbn","id":123}],"customer_id":1}
200,1357,{"data":[{"name":"n","id":123}],"customer_id":1}
200,1359,{"data":[{"name":"xn","id":123}],"customer_id":1}
200,618,{"data":[{"name":"n","id":123}],"customer_id":1}
200,686,{"data":[{"name":"xbvnxbvn","id":123}],"customer_id":1}
200,747,{"data":[{"name":"xbv","id":123}],"customer_id":1}
200,735,{"data":[{"name":"n","id":123}],"customer_id":1}
200,725,{"data":[{"name":"ytn","id":123}],"customer_id":1}
200,1256,{"data":[{"name":"xvb","id":123}],"customer_id":1}
200,1341,{"data":[{"name":"vbn","id":123}],"customer_id":1}
200,1364,{"data":[{"name":"n","id":123}],"customer_id":1}
200,1366,{"data":[{"name":"xn","id":123}],"customer_id":1}
200,1378,{"data":[{"name":"vbn","id":123}],"customer_id":1}
200,610,{"data":[{"name":"n","id":123}],"customer_id":1}
200,613,{"data":[{"name":"xbv","id":123}],"customer_id":1}
200,679,{"data":[{"name":"ytn","id":123}],"customer_id":1}
200,720,{"data":[{"name":"xbvnxbvn","id":123}],"customer_id":1}
200,726,{"data":[{"name":"n","id":123}],"customer_id":1}
200,1374,{"data":[{"name":"vbn","id":123}],"customer_id":1}
200,1440,{"data":[{"name":"n","id":123}],"customer_id":1}
200,1439,{"data":[{"name":"xn","id":123}],"customer_id":1}
200,1454,{"data":[{"name":"xvb","id":123}],"customer_id":1}
200,1457,{"data":[{"name":"vbn","id":123}],"customer_id":1}
200,605,{"data":[{"name":"n","id":123}],"customer_id":1}
200,688,{"data":[{"name":"xbv","id":123}],"customer_id":1}
200,716,{"data":[{"name":"n","id":123}],"customer_id":1}
200,722,{"data":[{"name":"xbvnxbvn","id":123}],"customer_id":1}
200,733,{"data":[{"name":"ytn","id":123}],"customer_id":1}
200,1306,{"data":[{"name":"xvb","id":123}],"customer_id":1}
200,1403,{"data":[{"name":"vbn","id":123}],"customer_id":1}
200,1414,{"data":[{"name":"n","id":123}],"customer_id":1}
200,1426,{"data":[{"name":"xn","id":123}],"customer_id":1}
200,1424,{"data":[{"name":"vbn","id":123}],"customer_id":1}
200,611,{"data":[{"name":"n","id":123}],"customer_id":1}
200,690,{"data":[{"name":"xbv","id":123}],"customer_id":1}
200,693,{"data":[{"name":"ytn","id":123}],"customer_id":1}
200,729,{"data":[{"name":"n","id":123}],"customer_id":1}
200,727,{"data":[{"name":"xbvnxbvn","id":123}],"customer_id":1}
200,1312,{"data":[{"name":"xn","id":123}],"customer_id":1}
200,1386,{"data":[{"name":"vbn","id":123}],"customer_id":1}
200,1386,{"data":[{"name":"n","id":123}],"customer_id":1}
200,1386,{"data":[{"name":"vbn","id":123}],"customer_id":1}
200,1401,{"data":[{"name":"xvb","id":123}],"customer_id":1}
200,589,{"data":[{"name":"n","id":123}],"customer_id":1}
200,673,{"data":[{"name":"xbvnxbvn","id":123}],"customer_id":1}
200,712,{"data":[{"name":"xbv","id":123}],"customer_id":1}
200,714,{"data":[{"name":"ytn","id":123}],"customer_id":1}
200,741,{"data":[{"name":"n","id":123}],"customer_id":1}
200,1277,{"data":[{"name":"vbn","id":123}],"customer_id":1}
200,1368,{"data":[{"name":"xvb","id":123}],"customer_id":1}
200,1385,{"data":[{"name":"xn","id":123}],"customer_id":1}
200,1403,{"data":[{"name":"vbn","id":123}],"customer_id":1}
200,1403,{"data":[{"name":"n","id":123}],"customer_id":1}
200,738,{"data":[{"name":"n","id":123}],"customer_id":1}
200,781,{"data":[{"name":"n","id":123}],"customer_id":1}
200,775,{"data":[{"name":"xbvnxbvn","id":123}],"customer_id":1}
200,803,{"data":[{"name":"xbv","id":123}],"customer_id":1}
200,782,{"data":[{"name":"ytn","id":123}],"customer_id":1}
200,1366,{"data":[{"name":"xn","id":123}],"customer_id":1}
200,1383,{"data":[{"name":"vbn","id":123}],"customer_id":1}
200,1400,{"data":[{"name":"vbn","id":123}],"customer_id":1}
200,1410,{"data":[{"name":"n","id":123}],"customer_id":1}
200,1412,{"data":[{"name":"xvb","id":123}],"customer_id":1}
200,705,{"data":[{"name":"xbv","id":123}],"customer_id":1}
200,714,{"data":[{"name":"xbvnxbvn","id":123}],"customer_id":1}
200,798,{"data":[{"name":"n","id":123}],"customer_id":1}
200,769,{"data":[{"name":"n","id":123}],"customer_id":1}
200,754,{"data":[{"name":"ytn","id":123}],"customer_id":1}
200,1346,{"data":[{"name":"n","id":123}],"customer_id":1}
200,1444,{"data":[{"name":"xn","id":123}],"customer_id":1}
200,1448,{"data":[{"name":"vbn","id":123}],"customer_id":1}
200,1456,{"data":[{"name":"xvb","id":123}],"customer_id":1}
200,1459,{"data":[{"name":"vbn","id":123}],"customer_id":1}
200,597,{"data":[{"name":"n","id":123}],"customer_id":1}
200,689,{"data":[{"name":"n","id":123}],"customer_id":1}
200,718,{"data":[{"name":"xbvnxbvn","id":123}],"customer_id":1}
200,729,{"data":[{"name":"ytn","id":123}],"customer_id":1}
200,746,{"data":[{"name":"xbv","id":123}],"customer_id":1}
200,1426,{"data":[{"name":"vbn","id":123}],"customer_id":1}
200,1476,{"data":[{"name":"vbn","id":123}],"customer_id":1}
200,1481,{"data":[{"name":"xvb","id":123}],"customer_id":1}
200,1494,{"data":[{"name":"xn","id":123}],"customer_id":1}
200,1561,{"data":[{"name":"n","id":123}],"customer_id":1}
200,670,{"data":[{"name":"n","id":123}],"customer_id":1}
200,682,{"data":[{"name":"n","id":123}],"customer_id":1}
200,735,{"data":[{"name":"xbvnxbvn","id":123}],"customer_id":1}
200,766,{"data":[{"name":"xbv","id":123}],"customer_id":1}
200,696,{"data":[{"name":"ytn","id":123}],"customer_id":1}
200,1334,{"data":[{"name":"vbn","id":123}],"customer_id":1}
200,1337,{"data":[{"name":"xvb","id":123}],"customer_id":1}
200,1383,{"data":[{"name":"xn","id":123}],"customer_id":1}
200,1403,{"data":[{"name":"n","id":123}],"customer_id":1}
200,1407,{"data":[{"name":"vbn","id":123}],"customer_id":1}
200,702,{"data":[{"name":"n","id":123}],"customer_id":1}
200,733,{"data":[{"name":"xbv","id":123}],"customer_id":1}
200,705,{"data":[{"name":"n","id":123}],"customer_id":1}
200,731,{"data":[{"name":"ytn","id":123}],"customer_id":1}
200,736,{"data":[{"name":"xbvnxbvn","id":123}],"customer_id":1}
200,1408,{"data":[{"name":"xn","id":123}],"customer_id":1}
200,1480,{"data":[{"name":"n","id":123}],"customer_id":1}
200,1504,{"data":[{"name":"vbn","id":123}],"customer_id":1}
200,1505,{"data":[{"name":"xvb","id":123}],"customer_id":1}
200,1519,{"data":[{"name":"vbn","id":123}],"customer_id":1}
200,600,{"data":[{"name":"n","id":123}],"customer_id":1}
200,616,{"data":[{"name":"xbv","id":123}],"customer_id":1}
200,681,{"data":[{"name":"ytn","id":123}],"customer_id":1}
200,718,{"data":[{"name":"xbvnxbvn","id":123}],"customer_id":1}
200,721,{"data":[{"name":"n","id":123}],"customer_id":1}
200,1260,{"data":[{"name":"xn","id":1}],"customer_id":1}
200,1323,{"data":[{"name":"vbn","id":4}],"customer_id":1}
200,1353,{"data":[{"name":"n","id":2}],"customer_id":1}
200,1379,{"data":[{"name":"vbn","id":3}],"customer_id":1}
200,1380,{"data":[{"name":"xvb","id":5}],"customer_id":1}
200,627,{"data":[{"name":"n","id":56}],"customer_id":1}
200,664,{"data":[{"name":"xbv","id":6}],"customer_id":1}
200,669,{"data":[{"name":"n","id":76}],"customer_id":1}
200,666,{"data":[{"name":"ytn","id":8}],"customer_id":1}
200,601,{"data":[{"name":"ndgh","id":8}],"customer_id":1}
200,619,{"data":[{"name":"ghn","id":7695}],"customer_id":1}
200,659,{"data":[{"name":"nd","id":78}],"customer_id":1}
200,656,{"data":[{"name":"h","id":9}],"customer_id":1}
200,598,{"data":[{"name":"g","id":87}],"customer_id":1}
200,606,{"data":[{"name":"","id":0}],"customer_id":1}
200,625,{"data":[{"name":"dgh","id":56}],"customer_id":1}
200,631,{"data":[{"name":"n","id":7}],"customer_id":1}
200,605,{"data":[{"name":"dgh","id":4568}],"customer_id":1}
200,596,{"data":[{"name":"","id":0}],"customer_id":1}
200,612,{"data":[{"name":"ghn","id":7}],"customer_id":1}
200,617,{"data":[{"name":"n","id":978}],"customer_id":1}
200,604,{"data":[{"name":"","id":0}],"customer_id":1}
200,3427,{"data":[{"name":"xbvnxbvn","id":78}],"customer_id":1}
200,1205,{"data":[{"name":"xn","id":1}],"customer_id":1}
200,1205,{"data":[{"name":"n","id":2}],"customer_id":1}
200,644,{"data":[{"name":"vbn","id":3}],"customer_id":1}
200,650,{"data":[{"name":"vbn","id":4}],"customer_id":1}
200,664,{"data":[{"name":"xvb","id":5}],"customer_id":1}
200,654,{"data":[{"name":"n","id":56}],"customer_id":1}
200,629,{"data":[{"name":"xbv","id":6}],"customer_id":1}
200,646,{"data":[{"name":"n","id":76}],"customer_id":1}
200,644,{"data":[{"name":"xbvnxbvn","id":78}],"customer_id":1}
200,640,{"data":[{"name":"ytn","id":8}],"customer_id":1}
200,641,{"data":[{"name":"ndgh","id":8}],"customer_id":1}
200,643,{"data":[{"name":"ghn","id":7695}],"customer_id":1}
200,629,{"data":[{"name":"nd","id":78}],"customer_id":1}
200,643,{"data":[{"name":"h","id":9}],"customer_id":1}
200,634,{"data":[{"name":"g","id":87}],"customer_id":1}
200,627,{"data":[{"name":"","id":0}],"customer_id":1}
200,642,{"data":[{"name":"n","id":7}],"customer_id":1}
200,645,{"data":[{"name":"dgh","id":56}],"customer_id":1}
200,631,{"data":[{"name":"dgh","id":4568}],"customer_id":1}
200,674,{"data":[{"name":"","id":0}],"customer_id":1}
200,668,{"data":[{"name":"ghn","id":7}],"customer_id":1}
200,632,{"data":[{"name":"n","id":978}],"customer_id":1}
200,592,{"data":[{"name":"","id":0}],"customer_id":1}
200,1277,{"data":[{"name":"xn","id":1}],"customer_id":1}
200,1277,{"data":[{"name":"n","id":2}],"customer_id":1}
200,648,{"data":[{"name":"vbn","id":3}],"customer_id":1}
200,650,{"data":[{"name":"vbn","id":4}],"customer_id":1}
200,634,{"data":[{"name":"xvb","id":5}],"customer_id":1}
200,636,{"data":[{"name":"n","id":56}],"customer_id":1}
200,633,{"data":[{"name":"n","id":76}],"customer_id":1}
200,641,{"data":[{"name":"xbv","id":6}],"customer_id":1}
200,658,{"data":[{"name":"ytn","id":8}],"customer_id":1}
200,661,{"data":[{"name":"xbvnxbvn","id":78}],"customer_id":1}
200,635,{"data":[{"name":"ghn","id":7695}],"customer_id":1}
200,636,{"data":[{"name":"ndgh","id":8}],"customer_id":1}
200,638,{"data":[{"name":"h","id":9}],"customer_id":1}
200,638,{"data":[{"name":"nd","id":78}],"customer_id":1}
200,644,{"data":[{"name":"g","id":87}],"customer_id":1}
200,639,{"data":[{"name":"","id":0}],"customer_id":1}
200,634,{"data":[{"name":"n","id":7}],"customer_id":1}
200,642,{"data":[{"name":"dgh","id":56}],"customer_id":1}
200,648,{"data":[{"name":"dgh","id":4568}],"customer_id":1}
200,647,{"data":[{"name":"","id":0}],"customer_id":1}
200,660,{"data":[{"name":"ghn","id":7}],"customer_id":1}
200,649,{"data":[{"name":"n","id":978}],"customer_id":1}
200,596,{"data":[{"name":"","id":0}],"customer_id":1}
200,1450,{"data":[{"name":"vbn","id":3}],"customer_id":1}
200,1525,{"data":[{"name":"xvb","id":5}],"customer_id":1}
200,1527,{"data":[{"name":"n","id":2}],"customer_id":1}
200,1527,{"data":[{"name":"xn","id":1}],"customer_id":1}
200,1529,{"data":[{"name":"vbn","id":4}],"customer_id":1}
200,635,{"data":[{"name":"n","id":56}],"customer_id":1}
200,715,{"data":[{"name":"xbv","id":6}],"customer_id":1}
200,744,{"data":[{"name":"n","id":76}],"customer_id":1}
200,751,{"data":[{"name":"ytn","id":8}],"customer_id":1}
200,604,{"data":[{"name":"ndgh","id":8}],"customer_id":1}
200,691,{"data":[{"name":"ghn","id":7695}],"customer_id":1}
200,1419,{"data":[{"name":"xbvnxbvn","id":78}],"customer_id":1}
200,699,{"data":[{"name":"h","id":9}],"customer_id":1}
200,717,{"data":[{"name":"nd","id":78}],"customer_id":1}
200,595,{"data":[{"name":"g","id":87}],"customer_id":1}
200,703,{"data":[{"name":"","id":0}],"customer_id":1}
200,675,{"data":[{"name":"dgh","id":4568}],"customer_id":1}
200,721,{"data":[{"name":"dgh","id":56}],"customer_id":1}
200,706,{"data":[{"name":"n","id":7}],"customer_id":1}
200,601,{"data":[{"name":"","id":0}],"customer_id":1}
200,628,{"data":[{"name":"ghn","id":7}],"customer_id":1}
200,663,{"data":[{"name":"n","id":978}],"customer_id":1}
200,667,{"data":[{"name":"","id":0}],"customer_id":1}
200,1265,{"data":[{"name":"n","id":2}],"customer_id":1}
200,1365,{"data":[{"name":"xvb","id":5}],"customer_id":1}
200,1366,{"data":[{"name":"vbn","id":3}],"customer_id":1}
200,1384,{"data":[{"name":"vbn","id":4}],"customer_id":1}
200,1390,{"data":[{"name":"xn","id":1}],"customer_id":1}
200,603,{"data":[{"name":"n","id":56}],"customer_id":1}
200,711,{"data":[{"name":"xbv","id":6}],"customer_id":1}
200,705,{"data":[{"name":"xbvnxbvn","id":78}],"customer_id":1}
200,719,{"data":[{"name":"ytn","id":8}],"customer_id":1}
200,743,{"data":[{"name":"n","id":76}],"customer_id":1}
200,602,{"data":[{"name":"ndgh","id":8}],"customer_id":1}
200,684,{"data":[{"name":"ghn","id":7695}],"customer_id":1}
200,702,{"data":[{"name":"h","id":9}],"customer_id":1}
200,733,{"data":[{"name":"nd","id":78}],"customer_id":1}
200,719,{"data":[{"name":"g","id":87}],"customer_id":1}
200,605,{"data":[{"name":"","id":0}],"customer_id":1}
200,621,{"data":[{"name":"dgh","id":56}],"customer_id":1}
200,667,{"data":[{"name":"dgh","id":4568}],"customer_id":1}
200,702,{"data":[{"name":"n","id":7}],"customer_id":1}
200,702,{"data":[{"name":"","id":0}],"customer_id":1}
200,593,{"data":[{"name":"ghn","id":7}],"customer_id":1}
200,595,{"data":[{"name":"n","id":978}],"customer_id":1}
200,599,{"data":[{"name":"","id":0}],"customer_id":1}
200,1318,{"data":[{"name":"vbn","id":4}],"customer_id":1}
200,1337,{"data":[{"name":"vbn","id":3}],"customer_id":1}
200,1364,{"data":[{"name":"xn","id":1}],"customer_id":1}
200,1380,{"data":[{"name":"xvb","id":5}],"customer_id":1}
200,1389,{"data":[{"name":"n","id":2}],"customer_id":1}
200,663,{"data":[{"name":"n","id":56}],"customer_id":1}
200,690,{"data":[{"name":"xbv","id":6}],"customer_id":1}
200,681,{"data":[{"name":"ytn","id":8}],"customer_id":1}
200,710,{"data":[{"name":"n","id":76}],"customer_id":1}
200,612,{"data":[{"name":"ndgh","id":8}],"customer_id":1}
200,625,{"data":[{"name":"ghn","id":7695}],"customer_id":1}
200,662,{"data":[{"name":"nd","id":78}],"customer_id":1}
200,655,{"data":[{"name":"h","id":9}],"customer_id":1}
200,588,{"data":[{"name":"g","id":87}],"customer_id":1}
200,618,{"data":[{"name":"","id":0}],"customer_id":1}
200,636,{"data":[{"name":"dgh","id":56}],"customer_id":1}
200,634,{"data":[{"name":"n","id":7}],"customer_id":1}
200,628,{"data":[{"name":"dgh","id":4568}],"customer_id":1}
200,606,{"data":[{"name":"","id":0}],"customer_id":1}
200,660,{"data":[{"name":"ghn","id":7}],"customer_id":1}
200,663,{"data":[{"name":"n","id":978}],"customer_id":1}
200,596,{"data":[{"name":"","id":0}],"customer_id":1}
200,1330,{"data":[{"name":"n","id":2}],"customer_id":1}
200,1329,{"data":[{"name":"xvb","id":5}],"customer_id":1}
200,1361,{"data":[{"name":"xn","id":1}],"customer_id":1}
200,1363,{"data":[{"name":"vbn","id":4}],"customer_id":1}
200,1363,{"data":[{"name":"vbn","id":3}],"customer_id":1}
200,712,{"data":[{"name":"n","id":56}],"customer_id":1}
200,745,{"data":[{"name":"xbvnxbvn","id":78}],"customer_id":1}
200,782,{"data":[{"name":"xbv","id":6}],"customer_id":1}
200,764,{"data":[{"name":"n","id":76}],"customer_id":1}
200,770,{"data":[{"name":"ytn","id":8}],"customer_id":1}
200,597,{"data":[{"name":"ndgh","id":8}],"customer_id":1}
200,723,{"data":[{"name":"ghn","id":7695}],"customer_id":1}
200,732,{"data":[{"name":"h","id":9}],"customer_id":1}
200,735,{"data":[{"name":"g","id":87}],"customer_id":1}
200,759,{"data":[{"name":"nd","id":78}],"customer_id":1}
200,587,{"data":[{"name":"","id":0}],"customer_id":1}
200,682,{"data":[{"name":"dgh","id":56}],"customer_id":1}
200,668,{"data":[{"name":"n","id":7}],"customer_id":1}
200,704,{"data":[{"name":"dgh","id":4568}],"customer_id":1}
200,702,{"data":[{"name":"","id":0}],"customer_id":1}
200,592,{"data":[{"name":"ghn","id":7}],"customer_id":1}
200,613,{"data":[{"name":"n","id":978}],"customer_id":1}
200,618,{"data":[{"name":"","id":0}],"customer_id":1}
0,0,{"data":[{"name":"xbvnxbvn","id":78}],"customer_id":1}
200,1248,{"data":[{"name":"n","id":2}],"customer_id":1}
200,1332,{"data":[{"name":"xn","id":1}],"customer_id":1}
200,1342,{"data":[{"name":"vbn","id":4}],"customer_id":1}
200,1344,{"data":[{"name":"xvb","id":5}],"customer_id":1}
200,1349,{"data":[{"name":"vbn","id":3}],"customer_id":1}
200,599,{"data":[{"name":"n","id":56}],"customer_id":1}
200,681,{"data":[{"name":"xbv","id":6}],"customer_id":1}
200,681,{"data":[{"name":"xbvnxbvn","id":78}],"customer_id":1}
200,723,{"data":[{"name":"ytn","id":8}],"customer_id":1}
200,728,{"data":[{"name":"n","id":76}],"customer_id":1}
200,606,{"data":[{"name":"ndgh","id":8}],"customer_id":1}
200,709,{"data":[{"name":"ghn","id":7695}],"customer_id":1}
200,692,{"data":[{"name":"nd","id":78}],"customer_id":1}
200,681,{"data":[{"name":"g","id":87}],"customer_id":1}
200,693,{"data":[{"name":"h","id":9}],"customer_id":1}
200,588,{"data":[{"name":"","id":0}],"customer_id":1}
200,678,{"data":[{"name":"dgh","id":56}],"customer_id":1}
200,688,{"data":[{"name":"dgh","id":4568}],"customer_id":1}
200,739,{"data":[{"name":"n","id":7}],"customer_id":1}
200,696,{"data":[{"name":"","id":0}],"customer_id":1}
200,632,{"data":[{"name":"ghn","id":7}],"customer_id":1}
200,633,{"data":[{"name":"n","id":978}],"customer_id":1}
200,624,{"data":[{"name":"","id":0}],"customer_id":1}
200,1255,{"data":[{"name":"xvb","id":5}],"customer_id":1}
200,1327,{"data":[{"name":"vbn","id":3}],"customer_id":1}
200,1336,{"data":[{"name":"n","id":2}],"customer_id":1}
200,1331,{"data":[{"name":"xn","id":1}],"customer_id":1}
200,1339,{"data":[{"name":"vbn","id":4}],"customer_id":1}
200,598,{"data":[{"name":"n","id":56}],"customer_id":1}
200,685,{"data":[{"name":"xbv","id":6}],"customer_id":1}
200,687,{"data":[{"name":"xbvnxbvn","id":78}],"customer_id":1}
200,728,{"data":[{"name":"n","id":76}],"customer_id":1}
200,731,{"data":[{"name":"ytn","id":8}],"customer_id":1}
200,606,{"data":[{"name":"ndgh","id":8}],"customer_id":1}
200,687,{"data":[{"name":"ghn","id":7695}],"customer_id":1}
200,672,{"data":[{"name":"nd","id":78}],"customer_id":1}
200,688,{"data":[{"name":"h","id":9}],"customer_id":1}
200,690,{"data":[{"name":"g","id":87}],"customer_id":1}
200,598,{"data":[{"name":"","id":0}],"customer_id":1}
200,682,{"data":[{"name":"dgh","id":56}],"customer_id":1}
200,682,{"data":[{"name":"n","id":7}],"customer_id":1}
200,690,{"data":[{"name":"dgh","id":4568}],"customer_id":1}
200,685,{"data":[{"name":"","id":0}],"customer_id":1}
200,589,{"data":[{"name":"ghn","id":7}],"customer_id":1}
200,634,{"data":[{"name":"n","id":978}],"customer_id":1}
200,636,{"data":[{"name":"","id":0}],"customer_id":1}
200,1447,{"data":[{"name":"vbn","id":4}],"customer_id":1}
200,1446,{"data":[{"name":"n","id":2}],"customer_id":1}
200,1485,{"data":[{"name":"vbn","id":3}],"customer_id":1}
200,1509,{"data":[{"name":"xn","id":1}],"customer_id":1}
200,1509,{"data":[{"name":"xvb","id":5}],"customer_id":1}
200,713,{"data":[{"name":"xbv","id":6}],"customer_id":1}
200,795,{"data":[{"name":"n","id":56}],"customer_id":1}
200,739,{"data":[{"name":"xbvnxbvn","id":78}],"customer_id":1}
200,774,{"data":[{"name":"n","id":76}],"customer_id":1}
200,749,{"data":[{"name":"ytn","id":8}],"customer_id":1}
200,592,{"data":[{"name":"ndgh","id":8}],"customer_id":1}
200,680,{"data":[{"name":"ghn","id":7695}],"customer_id":1}
200,706,{"data":[{"name":"g","id":87}],"customer_id":1}
200,739,{"data":[{"name":"nd","id":78}],"customer_id":1}
200,731,{"data":[{"name":"h","id":9}],"customer_id":1}
200,601,{"data":[{"name":"","id":0}],"customer_id":1}
200,613,{"data":[{"name":"dgh","id":56}],"customer_id":1}
200,657,{"data":[{"name":"dgh","id":4568}],"customer_id":1}
200,700,{"data":[{"name":"n","id":7}],"customer_id":1}
200,693,{"data":[{"name":"","id":0}],"customer_id":1}
200,615,{"data":[{"name":"ghn","id":7}],"customer_id":1}
200,600,{"data":[{"name":"n","id":978}],"customer_id":1}
200,601,{"data":[{"name":"","id":0}],"customer_id":1}
200,729,{"data":[{"name":"xn","id":1}],"customer_id":2}
200,776,{"data":[{"name":"vbn","id":3}],"customer_id":2}
200,784,{"data":[{"name":"vbn","id":4}],"customer_id":2}
200,795,{"data":[{"name":"n","id":2}],"customer_id":2}
200,796,{"data":[{"name":"xvb","id":5}],"customer_id":2}
200,622,{"data":[{"name":"n","id":56}],"customer_id":2}
200,704,{"data":[{"name":"ytn","id":8}],"customer_id":2}
200,744,{"data":[{"name":"n","id":76}],"customer_id":2}
200,745,{"data":[{"name":"xbvnxbvn","id":78}],"customer_id":2}
200,767,{"data":[{"name":"xbv","id":6}],"customer_id":2}
200,601,{"data":[{"name":"ndgh","id":8}],"customer_id":2}
200,678,{"data":[{"name":"ghn","id":7695}],"customer_id":2}
200,670,{"data":[{"name":"h","id":9}],"customer_id":2}
200,703,{"data":[{"name":"nd","id":78}],"customer_id":2}
200,704,{"data":[{"name":"g","id":87}],"customer_id":2}
200,593,{"data":[{"name":"","id":0}],"customer_id":2}
200,619,{"data":[{"name":"dgh","id":56}],"customer_id":2}
200,699,{"data":[{"name":"n","id":7}],"customer_id":2}
200,671,{"data":[{"name":"","id":0}],"customer_id":2}
200,697,{"data":[{"name":"dgh","id":4568}],"customer_id":2}
200,593,{"data":[{"name":"ghn","id":7}],"customer_id":2}
200,588,{"data":[{"name":"n","id":978}],"customer_id":2}
200,598,{"data":[{"name":"","id":0}],"customer_id":2}
200,1298,{"data":[{"name":"vbn","id":3}],"customer_id":1}
200,1324,{"data":[{"name":"xvb","id":5}],"customer_id":1}
200,1362,{"data":[{"name":"vbn","id":4}],"customer_id":1}
200,1362,{"data":[{"name":"n","id":2}],"customer_id":1}
200,1384,{"data":[{"name":"xn","id":1}],"customer_id":1}
200,720,{"data":[{"name":"xbv","id":6}],"customer_id":1}
200,752,{"data":[{"name":"n","id":56}],"customer_id":1}
200,733,{"data":[{"name":"xbvnxbvn","id":78}],"customer_id":1}
200,729,{"data":[{"name":"ytn","id":8}],"customer_id":1}
200,755,{"data":[{"name":"n","id":76}],"customer_id":1}
200,722,{"data":[{"name":"ndgh","id":8}],"customer_id":1}
200,728,{"data":[{"name":"ghn","id":7695}],"customer_id":1}
200,739,{"data":[{"name":"nd","id":78}],"customer_id":1}
200,727,{"data":[{"name":"h","id":9}],"customer_id":1}
200,741,{"data":[{"name":"g","id":87}],"customer_id":1}
200,620,{"data":[{"name":"","id":0}],"customer_id":1}
200,722,{"data":[{"name":"dgh","id":56}],"customer_id":1}
200,691,{"data":[{"name":"","id":0}],"customer_id":1}
200,721,{"data":[{"name":"dgh","id":4568}],"customer_id":1}
200,730,{"data":[{"name":"n","id":7}],"customer_id":1}
200,604,{"data":[{"name":"ghn","id":7}],"customer_id":1}
200,598,{"data":[{"name":"n","id":978}],"customer_id":1}
200,627,{"data":[{"name":"","id":0}],"customer_id":1}
200,708,{"data":[{"name":"xn","id":1}],"customer_id":2}
200,783,{"data":[{"name":"xvb","id":5}],"customer_id":2}
200,784,{"data":[{"name":"vbn","id":4}],"customer_id":2}
200,800,{"data":[{"name":"n","id":2}],"customer_id":2}
200,800,{"data":[{"name":"vbn","id":3}],"customer_id":2}
200,610,{"data":[{"name":"n","id":56}],"customer_id":2}
200,673,{"data":[{"name":"xbv","id":6}],"customer_id":2}
200,715,{"data":[{"name":"xbvnxbvn","id":78}],"customer_id":2}
200,738,{"data":[{"name":"n","id":76}],"customer_id":2}
200,734,{"data":[{"name":"ytn","id":8}],"customer_id":2}
200,596,{"data":[{"name":"ndgh","id":8}],"customer_id":2}
200,614,{"data":[{"name":"ghn","id":7695}],"customer_id":2}
200,671,{"data":[{"name":"h","id":9}],"customer_id":2}
200,681,{"data":[{"name":"nd","id":78}],"customer_id":2}
200,681,{"data":[{"name":"g","id":87}],"customer_id":2}
200,593,{"data":[{"name":"","id":0}],"customer_id":2}
200,597,{"data":[{"name":"dgh","id":56}],"customer_id":2}
200,673,{"data":[{"name":"n","id":7}],"customer_id":2}
200,690,{"data":[{"name":"dgh","id":4568}],"customer_id":2}
200,679,{"data":[{"name":"","id":0}],"customer_id":2}
200,599,{"data":[{"name":"ghn","id":7}],"customer_id":2}
200,590,{"data":[{"name":"n","id":978}],"customer_id":2}
200,599,{"data":[{"name":"","id":0}],"customer_id":2}
200,1302,{"data":[{"name":"n","id":2}],"customer_id":1}
200,1344,{"data":[{"name":"xn","id":1}],"customer_id":1}
200,1355,{"data":[{"name":"vbn","id":3}],"customer_id":1}
200,1375,{"data":[{"name":"vbn","id":4}],"customer_id":1}
200,1377,{"data":[{"name":"xvb","id":5}],"customer_id":1}
200,595,{"data":[{"name":"n","id":56}],"customer_id":1}
200,679,{"data":[{"name":"n","id":76}],"customer_id":1}
200,697,{"data":[{"name":"xbv","id":6}],"customer_id":1}
200,682,{"data":[{"name":"ytn","id":8}],"customer_id":1}
200,630,{"data":[{"name":"ndgh","id":8}],"customer_id":1}
200,1170,{"data":[{"name":"xbvnxbvn","id":78}],"customer_id":1}
200,636,{"data":[{"name":"ghn","id":7695}],"customer_id":1}
200,677,{"data":[{"name":"nd","id":78}],"customer_id":1}
200,667,{"data":[{"name":"h","id":9}],"customer_id":1}
200,618,{"data":[{"name":"g","id":87}],"customer_id":1}
200,636,{"data":[{"name":"","id":0}],"customer_id":1}
200,600,{"data":[{"name":"dgh","id":56}],"customer_id":1}
200,651,{"data":[{"name":"n","id":7}],"customer_id":1}
200,646,{"data":[{"name":"dgh","id":4568}],"customer_id":1}
200,605,{"data":[{"name":"","id":0}],"customer_id":1}
200,611,{"data":[{"name":"ghn","id":7}],"customer_id":1}
200,594,{"data":[{"name":"n","id":978}],"customer_id":1}
200,593,{"data":[{"name":"","id":0}],"customer_id":1}
200,699,{"data":[{"name":"vbn","id":3}],"customer_id":2}
200,739,{"data":[{"name":"xvb","id":5}],"customer_id":2}
200,769,{"data":[{"name":"xn","id":1}],"customer_id":2}
200,789,{"data":[{"name":"vbn","id":4}],"customer_id":2}
200,794,{"data":[{"name":"n","id":2}],"customer_id":2}
200,631,{"data":[{"name":"n","id":56}],"customer_id":2}
200,726,{"data":[{"name":"xbv","id":6}],"customer_id":2}
200,678,{"data":[{"name":"xbvnxbvn","id":78}],"customer_id":2}
200,726,{"data":[{"name":"n","id":76}],"customer_id":2}
200,714,{"data":[{"name":"ytn","id":8}],"customer_id":2}
200,599,{"data":[{"name":"ndgh","id":8}],"customer_id":2}
200,1335,{"data":[{"name":"vbn","id":3}],"customer_id":1}
200,1449,{"data":[{"name":"n","id":56}],"customer_id":1}
200,1469,{"data":[{"name":"xvb","id":5}],"customer_id":1}
200,1483,{"data":[{"name":"n","id":2}],"customer_id":1}
200,1491,{"data":[{"name":"xbv","id":6}],"customer_id":1}
200,1501,{"data":[{"name":"xn","id":1}],"customer_id":1}
200,1501,{"data":[{"name":"vbn","id":4}],"customer_id":1}
200,609,{"data":[{"name":"n","id":76}],"customer_id":1}
200,735,{"data":[{"name":"xbvnxbvn","id":78}],"customer_id":1}
200,787,{"data":[{"name":"ytn","id":8}],"customer_id":1}
200,802,{"data":[{"name":"ndgh","id":8}],"customer_id":1}
200,791,{"data":[{"name":"h","id":9}],"customer_id":1}
200,803,{"data":[{"name":"nd","id":78}],"customer_id":1}
200,814,{"data":[{"name":"ghn","id":7695}],"customer_id":1}
200,605,{"data":[{"name":"g","id":87}],"customer_id":1}
200,596,{"data":[{"name":"","id":0}],"customer_id":1}
200,666,{"data":[{"name":"dgh","id":56}],"customer_id":1}
200,744,{"data":[{"name":"dgh","id":4568}],"customer_id":1}
200,754,{"data":[{"name":"n","id":7}],"customer_id":1}
200,752,{"data":[{"name":"","id":0}],"customer_id":1}
200,753,{"data":[{"name":"ghn","id":7}],"customer_id":1}
200,601,{"data":[{"name":"n","id":978}],"customer_id":1}
200,636,{"data":[{"name":"","id":0}],"customer_id":1}
200,753,{"data":[{"name":"xvb","id":5}],"customer_id":2}
200,820,{"data":[{"name":"xbv","id":6}],"customer_id":2}
200,898,{"data":[{"name":"n","id":56}],"customer_id":2}
200,904,{"data":[{"name":"xn","id":1}],"customer_id":2}
200,903,{"data":[{"name":"vbn","id":3}],"customer_id":2}
200,913,{"data":[{"name":"n","id":2}],"customer_id":2}
200,911,{"data":[{"name":"vbn","id":4}],"customer_id":2}
200,599,{"data":[{"name":"n","id":76}],"customer_id":2}
200,604,{"data":[{"name":"xbvnxbvn","id":78}],"customer_id":2}
200,633,{"data":[{"name":"ytn","id":8}],"customer_id":2}
200,635,{"data":[{"name":"ndgh","id":8}],"customer_id":2}
200,1195,{"data":[{"name":"xn","id":1}],"customer_id":1}
200,606,{"data":[{"name":"n","id":2}],"customer_id":1}
200,598,{"data":[{"name":"vbn","id":3}],"customer_id":1}
200,602,{"data":[{"name":"vbn","id":4}],"customer_id":1}
200,596,{"data":[{"name":"xvb","id":5}],"customer_id":1}
200,618,{"data":[{"name":"n","id":56}],"customer_id":1}
200,603,{"data":[{"name":"xbv","id":6}],"customer_id":1}
200,594,{"data":[{"name":"n","id":76}],"customer_id":1}
200,600,{"data":[{"name":"xbvnxbvn","id":78}],"customer_id":1}
200,664,{"data":[{"name":"ytn","id":8}],"customer_id":1}
200,591,{"data":[{"name":"ndgh","id":8}],"customer_id":1}
200,596,{"data":[{"name":"ghn","id":7695}],"customer_id":1}
200,600,{"data":[{"name":"nd","id":78}],"customer_id":1}
200,596,{"data":[{"name":"h","id":9}],"customer_id":1}
200,594,{"data":[{"name":"g","id":87}],"customer_id":1}
200,592,{"data":[{"name":"","id":0}],"customer_id":1}
200,598,{"data":[{"name":"dgh","id":56}],"customer_id":1}
200,598,{"data":[{"name":"n","id":7}],"customer_id":1}
200,598,{"data":[{"name":"dgh","id":4568}],"customer_id":1}
200,594,{"data":[{"name":"","id":0}],"customer_id":1}
200,599,{"data":[{"name":"ghn","id":7}],"customer_id":1}
200,598,{"data":[{"name":"n","id":978}],"customer_id":1}
200,592,{"data":[{"name":"","id":0}],"customer_id":1}
200,612,{"data":[{"name":"xn","id":1}],"customer_id":2}
200,600,{"data":[{"name":"n","id":2}],"customer_id":2}
200,589,{"data":[{"name":"vbn","id":3}],"customer_id":2}
200,599,{"data":[{"name":"vbn","id":4}],"customer_id":2}
200,597,{"data":[{"name":"xvb","id":5}],"customer_id":2}
200,596,{"data":[{"name":"n","id":56}],"customer_id":2}
200,603,{"data":[{"name":"xbv","id":6}],"customer_id":2}
200,590,{"data":[{"name":"n","id":76}],"customer_id":2}
200,605,{"data":[{"name":"xbvnxbvn","id":78}],"customer_id":2}
200,592,{"data":[{"name":"ytn","id":8}],"customer_id":2}
200,595,{"data":[{"name":"ndgh","id":8}],"customer_id":2}
200,1150,{"data":[{"name":"xn","id":1}],"customer_id":1}
200,596,{"data":[{"name":"n","id":2}],"customer_id":1}
200,604,{"data":[{"name":"vbn","id":3}],"customer_id":1}
200,598,{"data":[{"name":"vbn","id":4}],"customer_id":1}
200,601,{"data":[{"name":"xvb","id":5}],"customer_id":1}
200,627,{"data":[{"name":"n","id":56}],"customer_id":1}
200,600,{"data":[{"name":"xbv","id":6}],"customer_id":1}
200,586,{"data":[{"name":"n","id":76}],"customer_id":1}
200,589,{"data":[{"name":"xbvnxbvn","id":78}],"customer_id":1}
200,656,{"data":[{"name":"ytn","id":8}],"customer_id":1}
200,599,{"data":[{"name":"ndgh","id":8}],"customer_id":1}
200,591,{"data":[{"name":"ghn","id":7695}],"customer_id":1}
200,589,{"data":[{"name":"nd","id":78}],"customer_id":1}
200,592,{"data":[{"name":"h","id":9}],"customer_id":1}
200,599,{"data":[{"name":"g","id":87}],"customer_id":1}
200,597,{"data":[{"name":"","id":0}],"customer_id":1}
200,621,{"data":[{"name":"dgh","id":56}],"customer_id":1}
200,606,{"data":[{"name":"n","id":7}],"customer_id":1}
200,599,{"data":[{"name":"dgh","id":4568}],"customer_id":1}
200,597,{"data":[{"name":"","id":0}],"customer_id":1}
200,590,{"data":[{"name":"ghn","id":7}],"customer_id":1}
200,610,{"data":[{"name":"n","id":978}],"customer_id":1}
200,602,{"data":[{"name":"","id":0}],"customer_id":1}
200,621,{"data":[{"name":"xn","id":1}],"customer_id":2}
200,595,{"data":[{"name":"n","id":2}],"customer_id":2}
200,601,{"data":[{"name":"vbn","id":3}],"customer_id":2}
200,598,{"data":[{"name":"vbn","id":4}],"customer_id":2}
200,615,{"data":[{"name":"xvb","id":5}],"customer_id":2}
200,603,{"data":[{"name":"n","id":56}],"customer_id":2}
200,611,{"data":[{"name":"xbv","id":6}],"customer_id":2}
200,588,{"data":[{"name":"n","id":76}],"customer_id":2}
200,1902,{"data":[{"name":"xbvnxbvn","id":78}],"customer_id":2}
200,604,{"data":[{"name":"ytn","id":8}],"customer_id":2}
200,593,{"data":[{"name":"ndgh","id":8}],"customer_id":2}
200,1316,{"data":[{"name":"xn","id":1}],"customer_id":1}
200,594,{"data":[{"name":"n","id":2}],"customer_id":1}
200,606,{"data":[{"name":"vbn","id":3}],"customer_id":1}
200,596,{"data":[{"name":"vbn","id":4}],"customer_id":1}
200,593,{"data":[{"name":"xvb","id":5}],"customer_id":1}
200,613,{"data":[{"name":"n","id":56}],"customer_id":1}
200,609,{"data":[{"name":"xbv","id":6}],"customer_id":1}
200,605,{"data":[{"name":"n","id":76}],"customer_id":1}
200,1150,{"data":[{"name":"xbvnxbvn","id":78}],"customer_id":1}
200,604,{"data":[{"name":"ytn","id":8}],"customer_id":1}
200,598,{"data":[{"name":"ndgh","id":8}],"customer_id":1}
200,592,{"data":[{"name":"ghn","id":7695}],"customer_id":1}
200,595,{"data":[{"name":"nd","id":78}],"customer_id":1}
200,592,{"data":[{"name":"h","id":9}],"customer_id":1}
200,598,{"data":[{"name":"g","id":87}],"customer_id":1}
200,597,{"data":[{"name":"","id":0}],"customer_id":1}
200,596,{"data":[{"name":"dgh","id":56}],"customer_id":1}
200,1173,{"data":[{"name":"xn","id":1}],"customer_id":1}
200,622,{"data":[{"name":"n","id":7}],"customer_id":1}
200,640,{"data":[{"name":"n","id":2}],"customer_id":1}
200,639,{"data":[{"name":"dgh","id":4568}],"customer_id":1}
200,636,{"data":[{"name":"","id":0}],"customer_id":1}
200,649,{"data":[{"name":"vbn","id":3}],"customer_id":1}
200,636,{"data":[{"name":"ghn","id":7}],"customer_id":1}
200,639,{"data":[{"name":"vbn","id":4}],"customer_id":1}
200,635,{"data":[{"name":"n","id":978}],"customer_id":1}
200,637,{"data":[{"name":"xvb","id":5}],"customer_id":1}
200,603,{"data":[{"name":"","id":0}],"customer_id":1}
200,655,{"data":[{"name":"n","id":56}],"customer_id":1}
200,601,{"data":[{"name":"xbv","id":6}],"customer_id":1}
200,605,{"data":[{"name":"n","id":76}],"customer_id":1}
200,617,{"data":[{"name":"xbvnxbvn","id":78}],"customer_id":1}
200,606,{"data":[{"name":"xn","id":1}],"customer_id":2}
200,616,{"data":[{"name":"ytn","id":8}],"customer_id":1}
200,603,{"data":[{"name":"n","id":2}],"customer_id":2}
200,601,{"data":[{"name":"ndgh","id":8}],"customer_id":1}
200,606,{"data":[{"name":"vbn","id":3}],"customer_id":2}
200,603,{"data":[{"name":"ghn","id":7695}],"customer_id":1}
200,607,{"data":[{"name":"vbn","id":4}],"customer_id":2}
200,604,{"data":[{"name":"nd","id":78}],"customer_id":1}
200,594,{"data":[{"name":"xvb","id":5}],"customer_id":2}
200,601,{"data":[{"name":"h","id":9}],"customer_id":1}
200,607,{"data":[{"name":"n","id":56}],"customer_id":2}
200,615,{"data":[{"name":"g","id":87}],"customer_id":1}
200,592,{"data":[{"name":"xbv","id":6}],"customer_id":2}
200,599,{"data":[{"name":"","id":0}],"customer_id":1}
200,607,{"data":[{"name":"n","id":76}],"customer_id":2}
200,596,{"data":[{"name":"dgh","id":56}],"customer_id":1}
200,597,{"data":[{"name":"xbvnxbvn","id":78}],"customer_id":2}
200,598,{"data":[{"name":"n","id":7}],"customer_id":1}
200,591,{"data":[{"name":"ytn","id":8}],"customer_id":2}
200,598,{"data":[{"name":"dgh","id":4568}],"customer_id":1}
200,598,{"data":[{"name":"ndgh","id":8}],"customer_id":2}
200,602,{"data":[{"name":"","id":0}],"customer_id":1}
200,595,{"data":[{"name":"ghn","id":7}],"customer_id":1}
200,594,{"data":[{"name":"n","id":978}],"customer_id":1}
200,598,{"data":[{"name":"","id":0}],"customer_id":1}
200,613,{"data":[{"name":"xn","id":1}],"customer_id":2}
200,597,{"data":[{"name":"n","id":2}],"customer_id":2}
200,603,{"data":[{"name":"vbn","id":3}],"customer_id":2}
200,589,{"data":[{"name":"vbn","id":4}],"customer_id":2}
200,599,{"data":[{"name":"xvb","id":5}],"customer_id":2}
200,598,{"data":[{"name":"n","id":56}],"customer_id":2}
200,597,{"data":[{"name":"xbv","id":6}],"customer_id":2}
200,606,{"data":[{"name":"n","id":76}],"customer_id":2}
200,595,{"data":[{"name":"xbvnxbvn","id":78}],"customer_id":2}
200,596,{"data":[{"name":"ytn","id":8}],"customer_id":2}
200,594,{"data":[{"name":"ndgh","id":8}],"customer_id":2}
200,1158,{"data":[{"name":"xn","id":1}],"customer_id":1}
200,598,{"data":[{"name":"n","id":2}],"customer_id":1}
200,605,{"data":[{"name":"vbn","id":3}],"customer_id":1}
200,589,{"data":[{"name":"vbn","id":4}],"customer_id":1}
200,597,{"data":[{"name":"xvb","id":5}],"customer_id":1}
200,649,{"data":[{"name":"n","id":56}],"customer_id":1}
200,603,{"data":[{"name":"xbv","id":6}],"customer_id":1}
200,610,{"data":[{"name":"n","id":76}],"customer_id":1}
200,605,{"data":[{"name":"xbvnxbvn","id":78}],"customer_id":1}
200,602,{"data":[{"name":"ytn","id":8}],"customer_id":1}
200,595,{"data":[{"name":"ndgh","id":8}],"customer_id":1}
200,611,{"data":[{"name":"ghn","id":7695}],"customer_id":1}
200,599,{"data":[{"name":"nd","id":78}],"customer_id":1}
200,594,{"data":[{"name":"h","id":9}],"customer_id":1}
200,606,{"data":[{"name":"g","id":87}],"customer_id":1}
200,593,{"data":[{"name":"","id":0}],"customer_id":1}
200,604,{"data":[{"name":"dgh","id":56}],"customer_id":1}
200,596,{"data":[{"name":"n","id":7}],"customer_id":1}
200,594,{"data":[{"name":"dgh","id":4568}],"customer_id":1}
200,601,{"data":[{"name":"","id":0}],"customer_id":1}
200,603,{"data":[{"name":"ghn","id":7}],"customer_id":1}
200,596,{"data":[{"name":"n","id":978}],"customer_id":1}
200,591,{"data":[{"name":"","id":0}],"customer_id":1}
200,613,{"data":[{"name":"xn","id":1}],"customer_id":2}
200,1168,{"data":[{"name":"xn","id":1}],"customer_id":1}
200,606,{"data":[{"name":"n","id":2}],"customer_id":1}
200,614,{"data":[{"name":"vbn","id":3}],"customer_id":1}
200,603,{"data":[{"name":"vbn","id":4}],"customer_id":1}
200,604,{"data":[{"name":"xvb","id":5}],"customer_id":1}
200,612,{"data":[{"name":"n","id":56}],"customer_id":1}
200,597,{"data":[{"name":"xbv","id":6}],"customer_id":1}
200,595,{"data":[{"name":"n","id":76}],"customer_id":1}
200,615,{"data":[{"name":"xbvnxbvn","id":78}],"customer_id":1}
200,592,{"data":[{"name":"ytn","id":8}],"customer_id":1}
200,604,{"data":[{"name":"ndgh","id":8}],"customer_id":1}
200,588,{"data":[{"name":"ghn","id":7695}],"customer_id":1}
200,594,{"data":[{"name":"nd","id":78}],"customer_id":1}
200,596,{"data":[{"name":"h","id":9}],"customer_id":1}
200,599,{"data":[{"name":"g","id":87}],"customer_id":1}
200,609,{"data":[{"name":"","id":0}],"customer_id":1}
200,664,{"data":[{"name":"dgh","id":56}],"customer_id":1}
200,594,{"data":[{"name":"n","id":7}],"customer_id":1}
200,600,{"data":[{"name":"dgh","id":4568}],"customer_id":1}
200,601,{"data":[{"name":"","id":0}],"customer_id":1}
200,600,{"data":[{"name":"ghn","id":7}],"customer_id":1}
200,593,{"data":[{"name":"n","id":978}],"customer_id":1}
200,596,{"data":[{"name":"","id":0}],"customer_id":1}
200,649,{"data":[{"name":"xn","id":1}],"customer_id":2}
200,590,{"data":[{"name":"n","id":2}],"customer_id":2}
200,610,{"data":[{"name":"vbn","id":3}],"customer_id":2}
200,610,{"data":[{"name":"vbn","id":4}],"customer_id":2}
200,598,{"data":[{"name":"xvb","id":5}],"customer_id":2}
200,595,{"data":[{"name":"n","id":56}],"customer_id":2}
200,591,{"data":[{"name":"xbv","id":6}],"customer_id":2}
200,589,{"data":[{"name":"n","id":76}],"customer_id":2}
200,594,{"data":[{"name":"xbvnxbvn","id":78}],"customer_id":2}
200,596,{"data":[{"name":"ytn","id":8}],"customer_id":2}
200,589,{"data":[{"name":"ndgh","id":8}],"customer_id":2}
200,1288,{"data":[{"name":"xn","id":1}],"customer_id":1}
200,600,{"data":[{"name":"n","id":2}],"customer_id":1}
200,596,{"data":[{"name":"vbn","id":3}],"customer_id":1}
200,601,{"data":[{"name":"vbn","id":4}],"customer_id":1}
200,601,{"data":[{"name":"xvb","id":5}],"customer_id":1}
200,617,{"data":[{"name":"n","id":56}],"customer_id":1}
200,597,{"data":[{"name":"xbv","id":6}],"customer_id":1}
200,610,{"data":[{"name":"n","id":76}],"customer_id":1}
200,608,{"data":[{"name":"xbvnxbvn","id":78}],"customer_id":1}
200,595,{"data":[{"name":"ytn","id":8}],"customer_id":1}
200,602,{"data":[{"name":"ndgh","id":8}],"customer_id":1}
200,593,{"data":[{"name":"ghn","id":7695}],"customer_id":1}
200,595,{"data":[{"name":"nd","id":78}],"customer_id":1}
200,598,{"data":[{"name":"h","id":9}],"customer_id":1}
200,603,{"data":[{"name":"g","id":87}],"customer_id":1}
200,600,{"data":[{"name":"","id":0}],"customer_id":1}
200,637,{"data":[{"name":"dgh","id":56}],"customer_id":1}
200,621,{"data":[{"name":"n","id":7}],"customer_id":1}
200,605,{"data":[{"name":"dgh","id":4568}],"customer_id":1}
200,594,{"data":[{"name":"","id":0}],"customer_id":1}
200,589,{"data":[{"name":"ghn","id":7}],"customer_id":1}
200,590,{"data":[{"name":"n","id":978}],"customer_id":1}
200,596,{"data":[{"name":"","id":0}],"customer_id":1}
200,1600,{"data":[{"name":"xn","id":1}],"customer_id":2}
200,594,{"data":[{"name":"n","id":2}],"customer_id":2}
200,593,{"data":[{"name":"vbn","id":3}],"customer_id":2}
200,591,{"data":[{"name":"vbn","id":4}],"customer_id":2}
200,590,{"data":[{"name":"xvb","id":5}],"customer_id":2}
200,604,{"data":[{"name":"n","id":56}],"customer_id":2}
200,597,{"data":[{"name":"xbv","id":6}],"customer_id":2}
200,595,{"data":[{"name":"n","id":76}],"customer_id":2}
200,1136,{"data":[{"name":"xbvnxbvn","id":78}],"customer_id":2}
200,602,{"data":[{"name":"ytn","id":8}],"customer_id":2}
200,595,{"data":[{"name":"ndgh","id":8}],"customer_id":2}
200,1157,{"data":[{"name":"xn","id":1}],"customer_id":1}
200,601,{"data":[{"name":"n","id":2}],"customer_id":1}
200,598,{"data":[{"name":"vbn","id":3}],"customer_id":1}
200,593,{"data":[{"name":"vbn","id":4}],"customer_id":1}
200,593,{"data":[{"name":"xvb","id":5}],"customer_id":1}
200,619,{"data":[{"name":"n","id":56}],"customer_id":1}
200,591,{"data":[{"name":"xbv","id":6}],"customer_id":1}
200,592,{"data":[{"name":"n","id":76}],"customer_id":1}
200,606,{"data":[{"name":"xbvnxbvn","id":78}],"customer_id":1}
200,594,{"data":[{"name":"ytn","id":8}],"customer_id":1}
200,595,{"data":[{"name":"ndgh","id":8}],"customer_id":1}
200,619,{"data":[{"name":"ghn","id":7695}],"customer_id":1}
200,589,{"data":[{"name":"nd","id":78}],"customer_id":1}
200,598,{"data":[{"name":"h","id":9}],"customer_id":1}
200,591,{"data":[{"name":"g","id":87}],"customer_id":1}
200,596,{"data":[{"name":"","id":0}],"customer_id":1}
200,596,{"data":[{"name":"dgh","id":56}],"customer_id":1}
200,609,{"data":[{"name":"n","id":7}],"customer_id":1}
200,595,{"data":[{"name":"dgh","id":4568}],"customer_id":1}
200,593,{"data":[{"name":"","id":0}],"customer_id":1}
200,589,{"data":[{"name":"ghn","id":7}],"customer_id":1}
200,599,{"data":[{"name":"n","id":978}],"customer_id":1}
200,596,{"data":[{"name":"","id":0}],"customer_id":1}
200,605,{"data":[{"name":"xn","id":1}],"customer_id":2}
200,593,{"data":[{"name":"n","id":2}],"customer_id":2}
200,596,{"data":[{"name":"vbn","id":3}],"customer_id":2}
200,591,{"data":[{"name":"vbn","id":4}],"customer_id":2}
200,607,{"data":[{"name":"xvb","id":5}],"customer_id":2}
200,586,{"data":[{"name":"n","id":56}],"customer_id":2}
200,598,{"data":[{"name":"xbv","id":6}],"customer_id":2}
200,616,{"data":[{"name":"n","id":76}],"customer_id":2}
0,0,{"data":[{"name":"xbvnxbvn","id":78}],"customer_id":2}
200,613,{"data":[{"name":"ytn","id":8}],"customer_id":2}
200,591,{"data":[{"name":"ndgh","id":8}],"customer_id":2}
200,1372,{"data":[{"name":"xn","id":1}],"customer_id":1}
200,1301,{"data":[{"name":"xn","id":1}],"customer_id":1}
200,607,{"data":[{"name":"n","id":2}],"customer_id":1}
200,598,{"data":[{"name":"n","id":2}],"customer_id":1}
200,615,{"data":[{"name":"vbn","id":3}],"customer_id":1}
200,607,{"data":[{"name":"vbn","id":3}],"customer_id":1}
200,608,{"data":[{"name":"vbn","id":4}],"customer_id":1}
200,607,{"data":[{"name":"vbn","id":4}],"customer_id":1}
200,595,{"data":[{"name":"xvb","id":5}],"customer_id":1}
200,611,{"data":[{"name":"n","id":56}],"customer_id":1}
200,595,{"data":[{"name":"xbv","id":6}],"customer_id":1}
200,599,{"data":[{"name":"n","id":76}],"customer_id":1}
200,606,{"data":[{"name":"xbvnxbvn","id":78}],"customer_id":1}
200,595,{"data":[{"name":"ytn","id":8}],"customer_id":1}
200,593,{"data":[{"name":"ndgh","id":8}],"customer_id":1}
200,594,{"data":[{"name":"ghn","id":7695}],"customer_id":1}
200,601,{"data":[{"name":"nd","id":78}],"customer_id":1}
200,590,{"data":[{"name":"h","id":9}],"customer_id":1}
200,594,{"data":[{"name":"g","id":87}],"customer_id":1}
200,589,{"data":[{"name":"","id":0}],"customer_id":1}
200,598,{"data":[{"name":"dgh","id":56}],"customer_id":1}
200,605,{"data":[{"name":"n","id":7}],"customer_id":1}
200,592,{"data":[{"name":"dgh","id":4568}],"customer_id":1}
200,598,{"data":[{"name":"","id":0}],"customer_id":1}
200,1315,{"data":[{"name":"vbn","id":3}],"customer_id":1}
200,1323,{"data":[{"name":"xn","id":1}],"customer_id":1}
200,1329,{"data":[{"name":"vbn","id":4}],"customer_id":1}
200,1338,{"data":[{"name":"xvb","id":5}],"customer_id":1}
200,1338,{"data":[{"name":"n","id":2}],"customer_id":1}
200,592,{"data":[{"name":"ghn","id":7}],"customer_id":1}
200,710,{"data":[{"name":"n","id":56}],"customer_id":1}
200,790,{"data":[{"name":"ytn","id":8}],"customer_id":1}
200,804,{"data":[{"name":"n","id":76}],"customer_id":1}
200,815,{"data":[{"name":"xbvnxbvn","id":78}],"customer_id":1}
200,829,{"data":[{"name":"xbv","id":6}],"customer_id":1}
200,739,{"data":[{"name":"n","id":978}],"customer_id":1}
200,624,{"data":[{"name":"ndgh","id":8}],"customer_id":1}
200,746,{"data":[{"name":"nd","id":78}],"customer_id":1}
200,763,{"data":[{"name":"ghn","id":7695}],"customer_id":1}
200,743,{"data":[{"name":"g","id":87}],"customer_id":1}
200,776,{"data":[{"name":"h","id":9}],"customer_id":1}
200,757,{"data":[{"name":"","id":0}],"customer_id":1}
200,590,{"data":[{"name":"","id":0}],"customer_id":1}
200,707,{"data":[{"name":"dgh","id":56}],"customer_id":1}
200,721,{"data":[{"name":"n","id":7}],"customer_id":1}
200,735,{"data":[{"name":"dgh","id":4568}],"customer_id":1}
200,706,{"data":[{"name":"","id":0}],"customer_id":1}
200,598,{"data":[{"name":"ghn","id":7}],"customer_id":1}
200,627,{"data":[{"name":"n","id":978}],"customer_id":1}
200,608,{"data":[{"name":"","id":0}],"customer_id":1}
200,1277,{"data":[{"name":"xvb","id":5}],"customer_id":1}
200,1363,{"data":[{"name":"xn","id":1}],"customer_id":1}
200,1368,{"data":[{"name":"vbn","id":4}],"customer_id":1}
200,1367,{"data":[{"name":"n","id":2}],"customer_id":1}
200,1376,{"data":[{"name":"vbn","id":3}],"customer_id":1}
200,603,{"data":[{"name":"n","id":56}],"customer_id":1}
200,675,{"data":[{"name":"xbv","id":6}],"customer_id":1}
200,676,{"data":[{"name":"n","id":76}],"customer_id":1}
200,693,{"data":[{"name":"xbvnxbvn","id":78}],"customer_id":1}
200,604,{"data":[{"name":"ndgh","id":8}],"customer_id":1}
200,650,{"data":[{"name":"nd","id":78}],"customer_id":1}
200,684,{"data":[{"name":"ghn","id":7695}],"customer_id":1}
200,676,{"data":[{"name":"h","id":9}],"customer_id":1}
200,603,{"data":[{"name":"g","id":87}],"customer_id":1}
200,652,{"data":[{"name":"","id":0}],"customer_id":1}
200,657,{"data":[{"name":"dgh","id":56}],"customer_id":1}
200,647,{"data":[{"name":"n","id":7}],"customer_id":1}
200,612,{"data":[{"name":"dgh","id":4568}],"customer_id":1}
200,656,{"data":[{"name":"","id":0}],"customer_id":1}
200,656,{"data":[{"name":"ghn","id":7}],"customer_id":1}
200,652,{"data":[{"name":"n","id":978}],"customer_id":1}
200,603,{"data":[{"name":"","id":0}],"customer_id":1}
200,21625,{"data":[{"name":"ytn","id":8}],"customer_id":1}
200,1380,{"data":[{"name":"xvb","id":5}],"customer_id":1}
200,1455,{"data":[{"name":"vbn","id":4}],"customer_id":1}
200,1456,{"data":[{"name":"vbn","id":3}],"customer_id":1}
200,1456,{"data":[{"name":"xn","id":1}],"customer_id":1}
200,1458,{"data":[{"name":"n","id":2}],"customer_id":1}
200,595,{"data":[{"name":"n","id":56}],"customer_id":1}
200,662,{"data":[{"name":"n","id":76}],"customer_id":1}
200,709,{"data":[{"name":"ytn","id":8}],"customer_id":1}
200,713,{"data":[{"name":"xbv","id":6}],"customer_id":1}
200,615,{"data":[{"name":"ndgh","id":8}],"customer_id":1}
200,1210,{"data":[{"name":"xbvnxbvn","id":78}],"customer_id":1}
200,629,{"data":[{"name":"ghn","id":7695}],"customer_id":1}
200,643,{"data":[{"name":"nd","id":78}],"customer_id":1}
200,654,{"data":[{"name":"h","id":9}],"customer_id":1}
200,606,{"data":[{"name":"g","id":87}],"customer_id":1}
200,588,{"data":[{"name":"","id":0}],"customer_id":1}
200,597,{"data":[{"name":"dgh","id":56}],"customer_id":1}
200,624,{"data":[{"name":"n","id":7}],"customer_id":1}
200,625,{"data":[{"name":"dgh","id":4568}],"customer_id":1}
200,600,{"data":[{"name":"","id":0}],"customer_id":1}
200,595,{"data":[{"name":"ghn","id":7}],"customer_id":1}
200,586,{"data":[{"name":"n","id":978}],"customer_id":1}
200,593,{"data":[{"name":"","id":0}],"customer_id":1}
200,1171,{"data":[{"name":"xn","id":1}],"customer_id":1}
200,603,{"data":[{"name":"n","id":2}],"customer_id":1}
200,603,{"data":[{"name":"vbn","id":3}],"customer_id":1}
200,607,{"data":[{"name":"vbn","id":4}],"customer_id":1}
200,599,{"data":[{"name":"xvb","id":5}],"customer_id":1}
200,591,{"data":[{"name":"n","id":56}],"customer_id":1}
200,594,{"data":[{"name":"xbv","id":6}],"customer_id":1}
200,643,{"data":[{"name":"n","id":76}],"customer_id":1}
200,597,{"data":[{"name":"xbvnxbvn","id":78}],"customer_id":1}
200,596,{"data":[{"name":"ytn","id":8}],"customer_id":1}
200,599,{"data":[{"name":"ndgh","id":8}],"customer_id":1}
200,698,{"data":[{"name":"ghn","id":7695}],"customer_id":1}
200,788,{"data":[{"name":"h","id":9}],"customer_id":1}
200,792,{"data":[{"name":"nd","id":78}],"customer_id":1}
200,790,{"data":[{"name":"g","id":87}],"customer_id":1}
200,802,{"data":[{"name":"","id":0}],"customer_id":1}
200,595,{"data":[{"name":"dgh","id":56}],"customer_id":1}
200,690,{"data":[{"name":"n","id":7}],"customer_id":1}
200,715,{"data":[{"name":"ghn","id":7}],"customer_id":1}
200,732,{"data":[{"name":"dgh","id":4568}],"customer_id":1}
200,737,{"data":[{"name":"","id":0}],"customer_id":1}
200,607,{"data":[{"name":"n","id":978}],"customer_id":1}
200,596,{"data":[{"name":"","id":0}],"customer_id":1}
200,1234,{"data":[{"name":"n","id":2}],"customer_id":1}
200,1322,{"data":[{"name":"xn","id":1}],"customer_id":1}
200,1330,{"data":[{"name":"xvb","id":5}],"customer_id":1}
200,1331,{"data":[{"name":"vbn","id":3}],"customer_id":1}
200,1336,{"data":[{"name":"vbn","id":4}],"customer_id":1}
200,586,{"data":[{"name":"n","id":56}],"customer_id":1}
200,692,{"data":[{"name":"n","id":76}],"customer_id":1}
200,717,{"data":[{"name":"xbv","id":6}],"customer_id":1}
200,726,{"data":[{"name":"xbvnxbvn","id":78}],"customer_id":1}
200,733,{"data":[{"name":"ytn","id":8}],"customer_id":1}
200,600,{"data":[{"name":"ndgh","id":8}],"customer_id":1}
200,696,{"data":[{"name":"ghn","id":7695}],"customer_id":1}
200,701,{"data":[{"name":"g","id":87}],"customer_id":1}
200,734,{"data":[{"name":"nd","id":78}],"customer_id":1}
200,729,{"data":[{"name":"h","id":9}],"customer_id":1}
200,603,{"data":[{"name":"","id":0}],"customer_id":1}
200,609,{"data":[{"name":"dgh","id":56}],"customer_id":1}
200,647,{"data":[{"name":"dgh","id":4568}],"customer_id":1}
200,693,{"data":[{"name":"n","id":7}],"customer_id":1}
200,680,{"data":[{"name":"","id":0}],"customer_id":1}
200,611,{"data":[{"name":"ghn","id":7}],"customer_id":1}
200,588,{"data":[{"name":"n","id":978}],"customer_id":1}
200,594,{"data":[{"name":"","id":0}],"customer_id":1}
200,1336,{"data":[{"name":"vbn","id":4}],"customer_id":1}
200,1336,{"data":[{"name":"xn","id":1}],"customer_id":1}
200,1349,{"data":[{"name":"vbn","id":3}],"customer_id":1}
200,1354,{"data":[{"name":"n","id":2}],"customer_id":1}
200,1365,{"data":[{"name":"xvb","id":5}],"customer_id":1}
200,724,{"data":[{"name":"n","id":56}],"customer_id":1}
200,800,{"data":[{"name":"xbv","id":6}],"customer_id":1}
200,789,{"data":[{"name":"xbvnxbvn","id":78}],"customer_id":1}
200,817,{"data":[{"name":"n","id":76}],"customer_id":1}
200,806,{"data":[{"name":"ytn","id":8}],"customer_id":1}
200,594,{"data":[{"name":"ndgh","id":8}],"customer_id":1}
200,671,{"data":[{"name":"ghn","id":7695}],"customer_id":1}
200,667,{"data":[{"name":"g","id":87}],"customer_id":1}
200,719,{"data":[{"name":"nd","id":78}],"customer_id":1}
200,715,{"data":[{"name":"h","id":9}],"customer_id":1}
200,606,{"data":[{"name":"","id":0}],"customer_id":1}
200,632,{"data":[{"name":"dgh","id":56}],"customer_id":1}
200,671,{"data":[{"name":"n","id":7}],"customer_id":1}
200,699,{"data":[{"name":"dgh","id":4568}],"customer_id":1}
200,682,{"data":[{"name":"","id":0}],"customer_id":1}
200,603,{"data":[{"name":"ghn","id":7}],"customer_id":1}
200,786,{"data":[{"name":"n","id":978}],"customer_id":1}
200,752,{"data":[{"name":"","id":0}],"customer_id":1}
200,598,{"data":[{"name":"xn","id":1}],"customer_id":2}
200,600,{"data":[{"name":"n","id":2}],"customer_id":2}
200,595,{"data":[{"name":"vbn","id":3}],"customer_id":2}
200,597,{"data":[{"name":"vbn","id":4}],"customer_id":2}
200,596,{"data":[{"name":"xvb","id":5}],"customer_id":2}
200,603,{"data":[{"name":"n","id":56}],"customer_id":2}
200,594,{"data":[{"name":"xbv","id":6}],"customer_id":2}
200,606,{"data":[{"name":"n","id":76}],"customer_id":2}
200,1901,{"data":[{"name":"xbvnxbvn","id":78}],"customer_id":2}
200,592,{"data":[{"name":"ytn","id":8}],"customer_id":2}
200,593,{"data":[{"name":"ndgh","id":8}],"customer_id":2}
